{"cameraMode":{"drawMode":0,"name":"Shaded","section":"Shading Mode"},"sceneLighting":true,"audioPlay":false,"sceneViewState":{"m_AlwaysRefresh":false,"showFog":true,"showSkybox":true,"showFlares":true,"showImageEffects":true,"showParticleSystems":true,"showVisualEffectGraphs":true,"m_FxEnabled":true},"in2DMode":false,"pivot":{"x":3.641824245452881,"y":4.745188236236572,"z":-4.155579566955566},"rotation":{"x":-0.004808060824871063,"y":-0.029081393033266069,"z":0.00013987516285851598,"w":-0.9995689392089844},"size":4.897027492523193,"orthographic":false}