{"cameraMode":{"drawMode":0,"name":"Shaded","section":"Shading Mode"},"sceneLighting":true,"audioPlay":false,"sceneViewState":{"m_AlwaysRefresh":false,"showFog":true,"showSkybox":true,"showFlares":true,"showImageEffects":true,"showParticleSystems":true,"showVisualEffectGraphs":true,"m_FxEnabled":true},"in2DMode":false,"pivot":{"x":-0.8572202920913696,"y":1.3110923767089844,"z":5.7754106521606449},"rotation":{"x":0.010810067877173424,"y":-0.006320025306195021,"z":0.00006670837319688872,"w":0.9999259114265442},"size":8.431626319885254,"orthographic":false}